Id	Prompt	Wavfile	Transcription	language	meaning
3570	Frag: Zimmer für 1 Woche	3570.wav	can i have a hotel room for one night	incorrect	incorrect
3571	Frag: Zimmer für 1 Woche	3571.wav	i want a room for one week	correct	correct
3572	Frag: Twinzimmer	3572.wav	a twin room please	correct	correct
3573	Sag: Ich möchte mit Kreditkarte bezahlen	3573.wav	can i pay by credit card	correct	correct
3574	Frag: Gibt es ein Fitnessstudio?	3574.wav	have a fitness studio	incorrect	correct
3575	Frag: 3 Musical-Tickets	3575.wav	i would like to buy three musical tickets	correct	correct
3576	Sag: Ich möchte am Montagabend gehen	3576.wav	i would like to go on monday night	correct	correct
3577	Sag: Ich möchte am Montagabend gehen	3577.wav	i would like to go on monday night	correct	correct
3579	Frag: 3 Tickets für König der Löwen	3579.wav	i want three tickets for the lion king	correct	correct
3580	Sag: Ich möchte vorne sitzen	3580.wav	i would like to sit in the john	incorrect	incorrect
3581	Sag: Ich möchte vorne sitzen	3581.wav	i would like to sit in the front	correct	correct
3582	Sag: Ich möchte vorne sitzen	3582.wav	i would like to sit in the front	correct	correct
3583	Frag: Tickets für die National Gallery	3583.wav	i would like tickets for the national gallery	correct	correct
3584	Frag: Tickets für die National Gallery	3584.wav	i would like i would like nationaly gal i would ah mann	incorrect	incorrect
3587	Frag: ein Ticket zum Piccadilly Circus	3587.wav	i would like a ticket to piccadilly circus	correct	correct
3588	Sag: Ich möchte mit Visa bezahlen	3588.wav	i would like to pay with visa	correct	correct
3589	Sag: Ich möchte mit Visa bezahlen	3589.wav	i would like to pay be visa	incorrect	correct
3590	Frag: ein Ticket zum Green Park	3590.wav	i need a ticket to green park	correct	correct
3592	Sag: Ich möchte mit Visa bezahlen	3592.wav	i would like to bay with visa	incorrect	correct
3593	Sag: Ich möchte mit Pfund bezahlen	3593.wav	can i pay by pound	incorrect	correct
3594	Sag: Ich möchte mit Pfund bezahlen	3594.wav	can i pay by pound	incorrect	correct
3595	Sag: Ich möchte mit Pfund bezahlen	3595.wav	can i pay by pounds	incorrect	correct
3596	Frag: ein Ticket nach Notting Hill	3596.wav	i would like a ticket to notting hill	correct	correct
3597	Sag: Ich möchte mit Mastercard bezahlen	3597.wav	can i i pay by mastercard	correct	correct
3598	Sag: Ich möchte mit Mastercard bezahlen	3598.wav	can i pay by master card	correct	correct
3599	Sag: Ich möchte mit Dollars bezahlen	3599.wav	can a pay by dollars	incorrect	correct
3602	Frag: eine Cola	3602.wav	i would like a coke	correct	correct
3604	Frag: ein Steak	3604.wav	i want a steak	correct	correct
3605	Frag: mein Steak rare	3605.wav	like my steak rare	incorrect	correct
3606	Frag: mein Steak rare	3606.wav	i would like my steak rare	correct	correct
3608	Frag: Pilze	3608.wav	i would like pilz	incorrect	incorrect
3610	Frag: Ich möchte die Dessertkarte	3610.wav	could i see the dessert menu	correct	correct
3611	Sag: Mir geht es gut	3611.wav	i am good	correct	correct
3618	Frag: 2 Tickets nach London	3618.wav	two ticket to london	incorrect	correct
3619	Frag: 2 Tickets nach London	3619.wav	two tickets to london	correct	correct
3620	Sag: Ich möchte um 21 Uhr morgen abreisen	3620.wav	i want to leave at nine o'clock tomorrow	correct	correct
3621	Sag: Ich heisse James	3621.wav	i am james	correct	correct
3622	Sag: Ich bin aus der Türkei	3622.wav	i am from turkey	correct	correct
3623	Frag: 2 Musical-Tickets	3623.wav	two mitch tickets please	incorrect	incorrect
3625	Frag: ein Ticket für Montagabend	3625.wav	tickets for the monday evening	incorrect	incorrect
3626	Frag: ein Ticket für Montagabend	3626.wav	tickets for the monday avenue	incorrect	incorrect
3627	Frag: 2 Tickets für König der Löwen	3627.wav	two tickets for lion king	incorrect	correct
3628	Frag: 2 Tickets für König der Löwen	3628.wav	two tickets for the ke	incorrect	incorrect
3629	Frag: 2 Tickets für König der Löwen	3629.wav	two tickets for the king of lion	incorrect	correct
3630	Sag: Ich möchte in der zweiten Reihe sitzen	3630.wav	i would like to sit in	incorrect	incorrect
3631	Sag: Ich möchte in der zweiten Reihe sitzen	3631.wav	i would sit in the	incorrect	incorrect
3632	Sag: Ich möchte in der zweiten Reihe sitzen	3632.wav	i would like to sit in the second row	correct	correct
3634	Frag: 5 Tickets	3634.wav	five tickets please	correct	correct
3636	Frag: Einzelzimmer	3636.wav	a single room	correct	correct
3637	Frag: Einzelzimmer	3637.wav	a single room	correct	correct
3638	Frag: Einzelzimmer	3638.wav	a single room please	correct	correct
3639	Sag: Ich möchte mit Postkarte bezahlen	3639.wav	i would to play with my post card	incorrect	incorrect
3640	Sag: Ich möchte mit Postkarte bezahlen	3640.wav	i would like to play with my post card	incorrect	correct
3641	Sag: Ich möchte mit Postkarte bezahlen	3641.wav	i would like to play with	incorrect	incorrect
3642	Frag: Gibt es eine Hotelbar?	3642.wav	is there the hotel bar	incorrect	correct
3643	Sag: Ich heisse Nick	3643.wav	my name is nick	correct	correct
3644	Sag: Ich bin aus Österreich	3644.wav	i am from austria	correct	correct
3645	Sag: Die Hauptstadt von Österreich ist Wien	3645.wav	the capital of austria is wien	incorrect	correct
3647	Sag: Ich habe 1 Bruder	3647.wav	i have a brother	correct	correct
3648	Sag: Ich habe 1 Bruder	3648.wav	i have a brother	correct	correct
3649	Sag: Ich habe 1 Bruder	3649.wav	i have one brother	correct	correct
3650	Sag: Ich gehe in die Ferien	3650.wav	i going in the holiday	incorrect	correct
3651	Sag: Dies ist mein Pass	3651.wav	this is my passport	correct	correct
3652	Sag: Dies ist mein Pass	3652.wav	this is my pass	incorrect	incorrect
3654	Frag: ein Ticket zum Piccadilly Circus	3654.wav	a ticket from piccadilly circus please	incorrect	incorrect
3655	Frag: ein Ticket zum Piccadilly Circus	3655.wav	like a ticket to piccadilly circus	incorrect	correct
3656	Frag: ein Ticket zum Piccadilly Circus	3656.wav	i would like a ticket to piccadilly circus	correct	correct
3657	Sag: Ich möchte mit Mastercard bezahlen	3657.wav	i would like to play with my master card	incorrect	incorrect
3658	Frag: 4 Musical-Tickets	3658.wav	four musical tickets please	correct	correct
3659	Frag: 4 Musical-Tickets	3659.wav	four musical tickets	correct	correct
3660	Frag: 4 Musical-Tickets	3660.wav	i would like to buy four musical tickets	correct	correct
3661	Sag: Ich möchte am Freitagabend gehen	3661.wav	i would go by free day avenue	incorrect	incorrect
3662	Sag: Ich möchte am Freitagabend gehen	3662.wav	i would like to go a priday night	incorrect	incorrect
3663	Sag: Ich möchte am Freitagabend gehen	3663.wav	i would like to go on free day night	incorrect	correct
3664	Frag: 4 Tickets für Wicked	3664.wav	i would like four tickets for the wick	incorrect	incorrect
3665	Frag: 4 Tickets für Wicked	3665.wav	i want four tickets for wicked	correct	correct
3666	Sag: Ich möchte in der achten Reihe sitzen	3666.wav	in the eight row	incorrect	correct
3667	Sag: Ich möchte in der achten Reihe sitzen	3667.wav	i want to sit in the eighth row	correct	correct
3668	Sag: Ich möchte in der achten Reihe sitzen	3668.wav	i want seat in the eight row	incorrect	correct
3669	Frag: Tickets für das Naturhistorische Museum	3669.wav	i want tickets for the natural history museum please	correct	correct
3670	Frag: 2 Tickets	3670.wav	i want two tickets please	correct	correct
3671	Sag: Ich habe keine Reservation	3671.wav	no i do not have a reservation	correct	correct
3673	Sag: Ich habe keine Reservation	3673.wav	no i do not have a reservation	correct	correct
3674	Frag: Zimmer für 6 Nächte	3674.wav	can i have six rooms for six nights	incorrect	incorrect
3675	Frag: Zimmer für 6 Nächte	3675.wav	i want a room for six nights	correct	correct
3676	Frag: Doppelzimmer	3676.wav	i want a double room	correct	correct
3679	Frag: Gibt es ein Schwimmbad?	3679.wav	have you a pool	correct	correct
3680	Frag: Wo ist das Schwimmbad?	3680.wav	where is the pool	correct	correct
3681	Frag: Zimmer für 4 Nächte	3681.wav	i want a room for four nights	correct	correct
3682	Frag: Doppelzimmer	3682.wav	i want a double room	correct	correct
3683	Sag: Ich möchte mit Visa bezahlen	3683.wav	can i pay with visa	correct	correct
3684	Frag: Gibt es ein Hotelrestaurant?	3684.wav	is there a hotel restaurant	correct	correct
3685	Frag: Wo ist das Hotelrestaurant?	3685.wav	where is the hotel restaurant	correct	correct
3686	Sag: Ich möchte mit Visa bezahlen	3686.wav	can i pay with visa	correct	correct
3688	Sag: Ich möchte mit Schweizer Franken bezahlen	3688.wav	can i pay with swiss friends	incorrect	incorrect
3689	Sag: Ich habe keine Reservation	3689.wav	no i do not have a reservation	correct	correct
3690	Frag: Zimmer für 7 Nächte	3690.wav	i want a room for seven nights	correct	correct
3691	Frag: Junior Suite	3691.wav	on the junior suite	incorrect	incorrect
3692	Sag: Ich möchte mit Mastercard bezahlen	3692.wav	can i pay by mastercard	correct	correct
3693	Frag: Gibt es einen Coiffeur?	3693.wav	is there a hairdresser	correct	correct
3694	Frag: Wo ist der Coiffeur?	3694.wav	where is the hairdresser	correct	correct
3695	Frag: 3 Tickets nach London	3695.wav	i would like three tickets to london	correct	correct
3696	Sag: Ich möchte am Mittwochabend abreisen	3696.wav	i want to leave on wednesday evening	correct	correct
3697	Sag: Ich heisse Sarah	3697.wav	my name is sarah	correct	correct
3698	Sag: Ich heisse Sarah	3698.wav	my name is sarah	correct	correct
3700	Frag: ein Ticket nach London	3700.wav	i want a ticket to london	correct	correct
3701	Sag: Ich möchte am Sonntag abreisen	3701.wav	i would like to leave on sunday	correct	correct
3702	Sag: Ich heisse John	3702.wav	my name is john	correct	correct
3703	Sag: Ich bin aus Spanien	3703.wav	i am from spain	correct	correct
3704	Sag: Ich heisse Brian	3704.wav	my name is brian	correct	correct
3705	Sag: Ich bin aus Amerika	3705.wav	i am from america	correct	correct
3706	Sag: Ich heisse Silvia	3706.wav	my name is silvia	correct	correct
3707	Sag: Ich bin aus Portugal	3707.wav	i am from portugal	correct	correct
3708	Sag: Die Hauptstadt von Portugal ist Lissabon	3708.wav	the capital of portugal is lisabon	incorrect	correct
3709	Sag: Ich habe 2 jüngere Brüder	3709.wav	i have two young brothers	incorrect	incorrect
3710	Sag: Ich gehe in die Ferien	3710.wav	i going to holidays	incorrect	incorrect
3712	Sag: Dies ist mein Pass	3712.wav	that is my passport	correct	correct
3713	Sag: Dies ist mein Pass	3713.wav	that's is my passport	incorrect	correct
3714	Sag: Dies ist mein Pass	3714.wav	this is my passport	correct	correct
3716	Sag: Ich möchte mit Postkarte bezahlen	3716.wav	i want pay	incorrect	incorrect
3717	Sag: Ich möchte mit Postkarte bezahlen	3717.wav	i would like to pay by post card	correct	correct
3718	Sag: Ich möchte mit Postkarte bezahlen	3718.wav	i would like to pay by post card	correct	correct
3719	Frag: 2 Musical-Tickets	3719.wav	i want two musical tickets	correct	correct
3720	Frag: 2 Tickets für Montagabend	3720.wav	i want two tickets for monday evening	correct	correct
3723	Frag: Zimmer für 2 Nächte	3723.wav	a room for two nights	correct	correct
3724	Frag: Zimmer für 2 Nächte	3724.wav	can i have a room for two nights	correct	correct
3725	Frag: Einzelzimmer	3725.wav	a single room	correct	correct
3726	Frag: Einzelzimmer	3726.wav	single room	correct	correct
3727	Frag: Einzelzimmer	3727.wav	single room	correct	correct
3728	Sag: Ich möchte mit Kreditkarte bezahlen	3728.wav	i	incorrect	incorrect
3729	Sag: Ich möchte mit Kreditkarte bezahlen	3729.wav	ich verschtands nid	incorrect	incorrect
3730	Frag: Gibt es einen Lift?	3730.wav	is it a lift	incorrect	incorrect
3731	Frag: Wo ist der Lift?	3731.wav	where is the lift	correct	correct
3735	Sag: Ich möchte mit Dollars bezahlen	3735.wav	can i pay with dollars	correct	correct
3736	Frag: Zimmer für 3 Nächte	3736.wav	i want a room for three nights	correct	correct
3737	Frag: Einzelzimmer	3737.wav	i want a single room	correct	correct
3738	Sag: Ich möchte mit Postkarte bezahlen	3738.wav	i want to pay with credit card	incorrect	correct
3740	Frag: Gibt es ein Fitnessstudio?	3740.wav	have you got a fitness studio	correct	correct
3741	Frag: Gibt es ein Fitnessstudio?	3741.wav	is there a gym	correct	correct
3742	Frag: Wo ist das Fitnessstudio?	3742.wav	where is the gym	correct	correct
3743	Frag: ein Ticket nach London	3743.wav	i want a ticket to london	correct	correct
3744	Sag: Ich möchte um 12 Uhr morgen abreisen	3744.wav	i want to leave tomorrow at noon	correct	correct
3745	Sag: Ich heisse Mona	3745.wav	my name is mona	correct	correct
3746	Sag: Ich bin aus Deutschland	3746.wav	i am from germany	correct	correct
3749	Frag: ein Steak	3749.wav	single room please a single r	incorrect	incorrect
3750	Frag: ein Steak	3750.wav	i would like a steetch	incorrect	incorrect
3751	Frag: ein Steak	3751.wav	kusvich	incorrect	incorrect
3757	Frag: Wo ist der Tower?	3757.wav	where is the tour i'm	incorrect	incorrect
3759	Frag: Welcher Bus fährt dorthin?	3759.wav	which bus goes there	correct	correct
3761	Frag: Zimmer für 6 Nächte	3761.wav	a dorm for six nights	incorrect	incorrect
3762	Frag: Zimmer für 6 Nächte	3762.wav	a dorm for six nights	incorrect	incorrect
3763	Frag: Zimmer für 6 Nächte	3763.wav	i want a room for six nights	correct	correct
3764	Frag: Twinzimmer	3764.wav	a twin zimmer	incorrect	incorrect
3767	Sag: Ich möchte mit Kreditkarte bezahlen	3767.wav	i would like to pay by credit card	correct	correct
3768	Frag: Gibt es einen Lift?	3768.wav	is there a lift	correct	correct
3769	Sag: Ich habe keine Reservation	3769.wav	i've no a reservation	incorrect	correct
3770	Sag: Ich habe keine Reservation	3770.wav	i have no reservation	correct	correct
3771	Sag: Ich habe keine Reservation	3771.wav	i have no reservation	correct	correct
3773	Sag: Ich habe keine Reservation	3773.wav	i haven't got a reservation	correct	correct
3774	Sag: Ich habe keine Reservation	3774.wav	i have not a reservation	incorrect	correct
3776	Sag: Ich habe keine Reservation	3776.wav	i do not have a reservation	correct	correct
3777	Sag: Ich habe keine Reservation	3777.wav	i do not have a reservation	correct	correct
3778	Sag: Ich habe keine Reservation	3778.wav	no i do not have a reservation	correct	correct
3779	Sag: Ich habe keine Reservation	3779.wav	no i have not have	incorrect	incorrect
3781	Sag: Ich habe keine Reservation	3781.wav	no i do not have a reservation	correct	correct
3782	Frag: Zimmer für 7 Nächte	3782.wav	a room for seven nights	correct	correct
3783	Frag: Doppelzimmer	3783.wav	a double room	correct	correct
3784	Frag: Doppelzimmer	3784.wav	a double room	correct	correct
3786	Sag: Ich möchte mit Postkarte bezahlen	3786.wav	i would like to pay by post card	correct	correct
3787	Frag: Gibt es ein Hotelrestaurant?	3787.wav	is there a restaurant	correct	correct
3788	Frag: Wo ist das Hotelrestaurant?	3788.wav	where is the restaurant	correct	correct
3789	Frag: Wo ist das Hotelrestaurant?	3789.wav	where is the restaurant	correct	correct
3790	Frag: Wo ist das Hotelrestaurant?	3790.wav	where is the hotel restaurant	correct	correct
3791	Frag: Zimmer für 2 Nächte	3791.wav	a room for two nights	correct	correct
3792	Frag: Doppelzimmer	3792.wav	a double room	correct	correct
3794	Frag: Doppelzimmer	3794.wav	a twin room	correct	correct
3795	Sag: Ich möchte mit Postkarte bezahlen	3795.wav	i would like to pay by post card	correct	correct
3796	Sag: Ich möchte mit Schweizer Franken bezahlen	3796.wav	i would like to pay by swiss francs	incorrect	correct
3797	Sag: Ich möchte mit Schweizer Franken bezahlen	3797.wav	i would like to pay by swiss francs	incorrect	correct
3798	Sag: Ich möchte mit Schweizer Franken bezahlen	3798.wav	can i pay with swiss francs	correct	correct
3799	Frag: Gibt es einen Coiffeur?	3799.wav	is there a hairdresser	correct	correct
3800	Frag: ein Ticket zum Piccadilly Circus	3800.wav	i want a ticket to the piccadilly circus	incorrect	correct
3801	Sag: Ich möchte mit Postkarte bezahlen	3801.wav	i'd like to change with post card	incorrect	incorrect
3802	Sag: Ich möchte mit Pfund bezahlen	3802.wav	i'd like to change with pounds	incorrect	incorrect
3803	Sag: Mir geht es gut	3803.wav	i'm thanks	incorrect	incorrect
3804	Frag: Stiefel	3804.wav	i'd like stiefel	incorrect	incorrect
3805	Frag: Stiefel	3805.wav	i would like some boots	correct	correct
3806	Frag: blaue Stiefel	3806.wav	i would like blue boots	correct	correct
3807	Sag: Ich habe keine Reservation	3807.wav	no i don't have a reservation	correct	correct
3808	Frag: Zimmer für 3 Nächte	3808.wav	a room for three nights	correct	correct
3809	Frag: Junior Suite	3809.wav	a junior suite	correct	correct
3810	Sag: Ich möchte mit Kreditkarte bezahlen	3810.wav	i want pay with credit card	incorrect	correct
3811	Sag: Ich heisse Barbara	3811.wav	my name is barbara	correct	correct
3812	Sag: Ich bin aus Frankreich	3812.wav	i am from france	correct	correct
3813	Sag: Die Hauptstadt von Frankreich ist Paris	3813.wav	the capital of france is paris	correct	correct
3814	Sag: Ich habe 2 jüngere Schwestern	3814.wav	i have two younger sisters	correct	correct
3815	Sag: Ich gehe in die Ferien	3815.wav	i go in the holidays	incorrect	correct
3816	Sag: Dies ist mein Pass	3816.wav	this is my passport	correct	correct
3817	Sag: Dies ist mein Pass	3817.wav	these is my passport	incorrect	correct
3818	Sag: Dies ist mein Pass	3818.wav	yes it is my passport	correct	correct
3819	Frag: 3 Musical-Tickets	3819.wav	musical tickets	incorrect	incorrect
3820	Frag: 3 Musical-Tickets	3820.wav	can i have three musical tickets	correct	correct
3822	Frag: 3 Tickets für Starlight Express	3822.wav	i need three tickets for stairlight express	correct	correct
3823	Sag: Ich möchte in der vierten Reihe sitzen	3823.wav	i would like in the fourth serious sit	incorrect	incorrect
3824	Sag: Ich möchte in der vierten Reihe sitzen	3824.wav	i would like to sit in the fourth row	correct	correct
3825	Frag: Tickets für das London Eye	3825.wav	i want tickets for the london eye	correct	correct
3826	Frag: 4 Tickets	3826.wav	i need four tickets	correct	correct
3827	Frag: 3 Musical-Tickets	3827.wav	i need three musical tickets	correct	correct
3828	Frag: ein Ticket für Donnerstagabend	3828.wav	i need a ticket for thursday night	correct	correct
3829	Frag: 3 Tickets für Wicked	3829.wav	i need three tickets for wicked	correct	correct
3830	Frag: Ticket für dieses Musical	3830.wav	i want a ticket for this musical	correct	correct
3831	Frag: Ticket für dieses Musical	3831.wav	i want tickets for this musical	correct	correct
3832	Sag: Ich möchte in der zweiten Reihe sitzen	3832.wav	i want to sit in the second row	correct	correct
3833	Frag: Tickets für Madame Tussauds	3833.wav	i want tickets for madame tussauds	correct	correct
3834	Frag: 1 Ticket	3834.wav	i need one ticket	correct	correct
3835	Frag: 1 Musical-Ticket	3835.wav	i need one musical ticket	correct	correct
3836	Frag: ein Ticket für heute Abend	3836.wav	a ticket for night	incorrect	incorrect
3837	Frag: ein Ticket für heute Abend	3837.wav	i want tickets for this evening	correct	correct
3838	Frag: ein Ticket für Mamma Mia	3838.wav	i want a ticket for mamma mia	correct	correct
3839	Frag: Ticket für dieses Musical	3839.wav	i want a ticket for this musical	correct	correct
3840	Sag: Ich möchte vorne sitzen	3840.wav	i want sit up front	incorrect	correct
3841	Sag: Ich möchte vorne sitzen	3841.wav	i would like to sit in the front	correct	correct
3842	Frag: Tickets für das British Museum	3842.wav	i need tickets for the british museum	correct	correct
3843	Frag: Tickets für das British Museum	3843.wav	can i also have tickets for the british museum	correct	correct
3844	Frag: 2 Tickets	3844.wav	i need two tickets	correct	correct
3845	Frag: 2 Musical-Tickets	3845.wav	i need two musical tickets	correct	correct
3846	Frag: ein Ticket für Samstagabend	3846.wav	i need a ticket for saturday night	correct	correct
3847	Frag: 2 Tickets für König der Löwen	3847.wav	i need two tickets for the lion king	correct	correct
3848	Sag: Ich möchte vorne sitzen	3848.wav	i want to sit in the front	correct	correct
3849	Frag: Tickets für das Science Museum	3849.wav	i want tickets for the science museum	correct	correct
3850	Frag: 1 Ticket	3850.wav	i need one ticket	correct	correct
3851	Frag: Wo ist das Naturhistorische Museum?	3851.wav	where is the natural history museum	correct	correct
3852	Frag: Wo ist die Oxford Street?	3852.wav	where is the oxford street	incorrect	correct
3853	Frag: Welcher Bus fährt dorthin?	3853.wav	which bus goes there	correct	correct
3854	Sag: Der Tower ist nahe der Tower Bridge	3854.wav	the tower is near the tower bridge	correct	correct
3855	Frag: Wo ist das Naturhistorische Museum?	3855.wav	where is the natural history museum	correct	correct
3856	Frag: Wo ist Piccadilly Circus?	3856.wav	where is piccadilly circus	correct	correct
3857	Frag: Welcher Bus fährt dorthin?	3857.wav	which bus goes there	correct	correct
3858	Sag: Big Ben ist neben den Houses of Parliament	3858.wav	the big ben is beside the houses of parliament	incorrect	correct
3859	Frag: Wo ist das Naturhistorische Museum?	3859.wav	where is the natural history museum	correct	correct
3860	Frag: Wo ist der Tower?	3860.wav	you can't use help at the silver level	incorrect	incorrect
3861	Frag: Wo ist der Tower?	3861.wav	where is the tower	correct	correct
3862	Sag: Marble Arch ist gegenüber dem Hyde Park	3862.wav	marble arch is across hyde street park	incorrect	incorrect
3863	Frag: Wo ist die National Gallery?	3863.wav	where is the national gallery	correct	correct
3864	Frag: Wo ist Big Ben?	3864.wav	where is the big ben	incorrect	correct
3865	Frag: Welcher Bus fährt dorthin?	3865.wav	which bus goes there	correct	correct
3866	Sag: Der Tower ist nahe der Tower Bridge	3866.wav	the tower is near tower bridge	correct	correct
3867	Frag: Wo ist der Zoo?	3867.wav	where is the zoo	correct	correct
3868	Frag: Wo ist Madame Tussauds?	3868.wav	where is madame tussauds	correct	correct
3869	Frag: Welcher Bus fährt dorthin?	3869.wav	which bus goes there	correct	correct
3870	Sag: Der Tower ist nahe der Tower Bridge	3870.wav	the tower is near tower bridge	correct	correct
3871	Frag: einen Orangensaft	3871.wav	i want a an orange juice	correct	correct
3872	Frag: einen Orangensaft	3872.wav	i want an orange juice	correct	correct
3873	Frag: einen Hamburger	3873.wav	i want a hamburger	correct	correct
3874	Frag: meinen Hamburger rare	3874.wav	i want my hamburger rare	correct	correct
3875	Frag: Erbsen	3875.wav	i want peas	correct	correct
3876	Frag: Erbsen	3876.wav	i want peas	correct	correct
3877	Frag: Erbsen	3877.wav	i would like some peas	correct	correct
3878	Frag: Ich möchte die Dessertkarte	3878.wav	yes can i have the dessert card	incorrect	correct
3879	Frag: Ich möchte die Dessertkarte	3879.wav	can i have the dessert card	incorrect	correct
3880	Frag: Ich möchte die Dessertkarte	3880.wav	the dessert menu please	correct	correct
3882	Frag: Karrotenkuchen	3882.wav	can i have the carrot cake	correct	correct
3883	Frag: Ich möchte die Rechnung	3883.wav	i would like the bill	correct	correct
3888	Sag: Ich habe keine Reservation	3888.wav	no i do not have a reservation	correct	correct
3889	Frag: Zimmer für 2 Nächte	3889.wav	a room for two nights	correct	correct
3890	Frag: Suite	3890.wav	i'd like a suite	correct	correct
3891	Sag: Ich möchte mit Mastercard bezahlen	3891.wav	i would like pay with mastercard	incorrect	correct
3892	Sag: Ich möchte mit Mastercard bezahlen	3892.wav	are there a coiffeur	incorrect	incorrect
3893	Frag: Zimmer für 1 Woche	3893.wav	i would like a room for once a week	incorrect	incorrect
3894	Frag: Suite	3894.wav	i'd like a suite	correct	correct
3896	Frag: Gibt es einen Lebensmittelladen?	3896.wav	is there a grocery store	correct	correct
3897	Frag: Wo ist der Lebensmittelladen?	3897.wav	where is the grocery store	correct	correct
3898	Frag: 1 Musical-Ticket	3898.wav	can i have one musical ticket	correct	correct
3899	Frag: 1 Musical-Ticket	3899.wav	a ticket for wednesday evening	incorrect	incorrect
3900	Frag: ein Ticket für morgen Abend	3900.wav	a ticket for	incorrect	incorrect
3901	Frag: ein Ticket für morgen Abend	3901.wav	a ticket for morning night	incorrect	incorrect
3902	Frag: ein Ticket für morgen Abend	3902.wav	a ticket for tomorrow night	correct	correct
3903	Frag: ein Ticket für Starlight Express	3903.wav	i would like a ticket for starlight express	correct	correct
3904	Frag: ein Ticket für Starlight Express	3904.wav	a ticket for starlight express	correct	correct
3905	Frag: ein Ticket für Starlight Express	3905.wav	a ticket for starlight express	correct	correct
3906	Sag: Ich möchte in der Mitte sitzen	3906.wav	i want to sit in the middle	correct	correct
3907	Frag: Tickets für das London Eye	3907.wav	can i have tickets for the london eye	correct	correct
3908	Frag: 4 Tickets	3908.wav	i need four tickets	correct	correct
3909	Sag: Mir geht es gut	3909.wav	i'm fine	correct	correct
3910	Frag: Stiefel	3910.wav	i want boots	correct	correct
3911	Frag: weisse Stiefel	3911.wav	i want white boots	correct	correct
3912	Frag: Grösse 36	3912.wav	thirty-six	correct	correct
3913	Frag: ein T-Shirt	3913.wav	i want a t-shirt	correct	correct
3914	Frag: ein gelbes T-Shirt	3914.wav	i want a yellow t-shirt	correct	correct
3915	Frag: eine L	3915.wav	big	incorrect	correct
3916	Frag: eine L	3916.wav	great	incorrect	incorrect
3917	Frag: eine L	3917.wav	i am a large	correct	correct
3918	Frag: Wie viel kostet es?	3918.wav	how much is it	correct	correct
3919	Sag: Dies ist zu teuer	3919.wav	that's too expensive	correct	correct
3920	Sag: Mir geht es gut	3920.wav	i am fine	correct	correct
3921	Frag: Sandalen	3921.wav	i want sandals	correct	correct
3922	Frag: rote Sandalen	3922.wav	i want red sandals	correct	correct
3923	Frag: Grösse 38	3923.wav	thirty-eight	correct	correct
3924	Frag: ein T-Shirt	3924.wav	i want a t-shirt	correct	correct
3925	Frag: ein gelbes T-Shirt	3925.wav	i want a yellow t-shirt	correct	correct
3926	Frag: eine L	3926.wav	great	incorrect	incorrect
3927	Frag: eine L	3927.wav	great	incorrect	incorrect
3928	Frag: eine L	3928.wav	i am a large	correct	correct
3929	Frag: Wie viel kostet es?	3929.wav	how much is it	correct	correct
3930	Sag: Das T-Shirt ist zu teuer	3930.wav	the t-shirt is too expensive	correct	correct
3931	Sag: Mir geht es gut	3931.wav	i'm fine	correct	correct
3932	Frag: Stiefel	3932.wav	i want boots	correct	correct
3933	Frag: braune Stiefel	3933.wav	i want brown boots	correct	correct
3934	Frag: Grösse 39	3934.wav	thirty-nine	correct	correct
3935	Frag: ein T-Shirt	3935.wav	i want a t-shirt	correct	correct
3936	Frag: ein braunes T-Shirt	3936.wav	i want a brown t-shirt	correct	correct
3938	Frag: Wie viel kostet das T-Shirt?	3938.wav	how much is the t-shirt	correct	correct
3940	Sag: Mir geht es gut	3940.wav	i'm fine	correct	correct
3941	Frag: Sandalen	3941.wav	i want sandals	correct	correct
3942	Frag: weisse Sandalen	3942.wav	i want white sandals	correct	correct
3943	Frag: Grösse 44	3943.wav	forty-four	correct	correct
3944	Frag: Hosen	3944.wav	i want pants	correct	correct
3945	Frag: Hosen	3945.wav	i'm looking for trousers	correct	correct
3946	Frag: rote Hosen	3946.wav	i want red trousers	correct	correct
3947	Frag: eine S	3947.wav	small	correct	correct
3948	Frag: Wie viel kostet die Hose?	3948.wav	how much are the croasts	incorrect	incorrect
3949	Frag: Wie viel kostet die Hose?	3949.wav	how much does the trousers cost	incorrect	correct
3950	Sag: Die Hose ist zu teuer	3950.wav	the trousers is too expensive	incorrect	correct
3952	Sag: Ich heisse Sarah	3952.wav	my name is sarah	correct	correct
3953	Sag: Ich bin aus Italien	3953.wav	i am from italy	correct	correct
3954	Sag: Die Hauptstadt von Italien ist Rom	3954.wav	the capital of italy is rome	correct	correct
3955	Sag: Ich habe 1 Bruder	3955.wav	i have a brother	correct	correct
3956	Sag: Ich habe 1 Bruder	3956.wav	i have one brother	correct	correct
3958	Sag: Dies ist mein Pass	3958.wav	this is my passport	correct	correct
3959	Sag: Dies ist mein Pass	3959.wav	yes it is my passport	correct	correct
3960	Sag: Ich heisse Michelle	3960.wav	my name is michelle	correct	correct
3961	Sag: Ich bin aus Deutschland	3961.wav	i am from germany	correct	correct
3962	Sag: Die Hauptstadt von Deutschland ist Berlin	3962.wav	the capital of germany is berlin	correct	correct
3963	Sag: Ich habe 4 ältere Brüder	3963.wav	i have four older brothers	correct	correct
3966	Sag: Dies ist mein Pass	3966.wav	yes it is my passport	correct	correct
3967	Frag: ein Ticket zum Green Park	3967.wav	i need a ticket to green park	correct	correct
3968	Sag: Ich möchte mit Kreditkarte bezahlen	3968.wav	i would like to pay by credit card	correct	correct
3969	Frag: 2 Tickets nach London	3969.wav	i need two tickets to london	correct	correct
3970	Sag: Ich möchte am Freitagmorgen abreisen	3970.wav	i want to leave on friday morning	correct	correct
3971	Sag: Ich heisse Silvia	3971.wav	my name is silvia	correct	correct
3972	Sag: Ich bin aus England	3972.wav	i am from england	correct	correct
3973	Frag: 6 Tickets nach London	3973.wav	i need six tickets to london	correct	correct
3974	Sag: Ich möchte am Freitagabend abreisen	3974.wav	i want to leave on friday night	correct	correct
3975	Sag: Ich heisse Stephanie	3975.wav	my name is stephanie	correct	correct
3976	Sag: Ich bin aus Deutschland	3976.wav	i am from germany	correct	correct
3977	Frag: 2 Tickets nach London	3977.wav	i need two tickets to london	correct	correct
3978	Sag: Ich möchte um 8 Uhr morgen abreisen	3978.wav	i want to leave at eight o'clock tomorrow	correct	correct
3979	Frag: Wie viel kostet es?	3979.wav	how much is it	correct	correct
3980	Frag: billigeres Ticket	3980.wav	i want a cheaper ticket	correct	correct
3981	Sag: Das ist okay	3981.wav	this is okay	correct	correct
3982	Sag: Ich heisse Paul	3982.wav	my name is paul	correct	correct
3983	Sag: Ich bin aus Australien	3983.wav	i am from australia	correct	correct
3986	Sag: Ich habe keine Reservation	3986.wav	no i do no i do not have a reservation	correct	correct
3987	Frag: Zimmer für 6 Nächte	3987.wav	a room for six nights	correct	correct
3988	Frag: Doppelzimmer	3988.wav	a double room	correct	correct
3989	Frag: Doppelzimmer	3989.wav	i would like a double room	correct	correct
3991	Frag: Gibt es einen Lift?	3991.wav	is there a lift	correct	correct
3992	Frag: 2 Musical-Tickets	3992.wav	i need two musical tickets	correct	correct
3993	Frag: 2 Tickets für Sonntagabend	3993.wav	i need two tickets for sunday night	correct	correct
3995	Sag: Ich möchte in der fünften Reihe sitzen	3995.wav	i would like to sit in the fifth row	correct	correct
3996	Frag: Tickets für das Science Museum	3996.wav	i need tickets for the science museum	correct	correct
3997	Frag: 1 Ticket	3997.wav	i need one ticket	correct	correct
3998	Frag: 2 Musical-Tickets	3998.wav	i need two musical tickets	correct	correct
3999	Frag: 2 Tickets für heute Abend	3999.wav	i need two tickets for tonight	correct	correct
4000	Frag: 2 Tickets für Mamma Mia	4000.wav	i need two tickets for mamma mia	correct	correct
4001	Frag: Ticket für dieses Musical	4001.wav	i need tickets a ticket for this musical	correct	correct
4002	Frag: Ticket für dieses Musical	4002.wav	i need a ticket for this musical	correct	correct
4003	Sag: Ich möchte hinten sitzen	4003.wav	i want to sit in the back	correct	correct
4004	Frag: Tickets für das British Museum	4004.wav	i need tickets for the british museum	correct	correct
4005	Frag: 3 Tickets	4005.wav	i need three tickets	correct	correct
4006	Frag: Zimmer für 5 Nächte	4006.wav	i want a room for five nights	correct	correct
4007	Frag: Twinzimmer	4007.wav	i want a double room	incorrect	incorrect
4008	Frag: Twinzimmer	4008.wav	a twin room please	correct	correct
4009	Sag: Ich möchte mit Visa bezahlen	4009.wav	can i pay with visa	correct	correct
4010	Sag: Ich möchte mit Euros bezahlen	4010.wav	i will pay with euros	incorrect	correct
4011	Frag: Gibt es ein Hotelrestaurant?	4011.wav	are there a hotel restaurant	incorrect	correct
4012	Frag: Gibt es ein Hotelrestaurant?	4012.wav	is there a hotel restaurant	correct	correct
4014	Sag: Ich habe keine Reservation	4014.wav	i have no reservation	correct	correct
4015	Sag: Ich habe keine Reservation	4015.wav	no i don't no i do not have a reservation	correct	correct
4016	Sag: Ich habe keine Reservation	4016.wav	no i don't have a reservation	correct	correct
4017	Frag: Zimmer für 2 Nächte	4017.wav	a room for two nights	correct	correct
4018	Frag: Suite	4018.wav	i'd like a suite	correct	correct
4019	Sag: Ich möchte mit Visa bezahlen	4019.wav	can i pay with visa	correct	correct
4020	Frag: Gibt es einen Lift?	4020.wav	is there a a lift	correct	correct
4021	Frag: Zimmer für 3 Nächte	4021.wav	a room for three nights	correct	correct
4022	Frag: Junior Suite	4022.wav	i'd like a junior suite	correct	correct
4023	Sag: Ich möchte mit Visa bezahlen	4023.wav	can i pay with visa	correct	correct
4024	Frag: Gibt es einen Lebensmittelladen?	4024.wav	is there a grocery store	correct	correct
4025	Frag: Wo ist der Lebensmittelladen?	4025.wav	where is the grocery store	correct	correct
4026	Frag: Einzelzimmer	4026.wav	i would like a single room	correct	correct
4028	Frag: Gibt es einen Coiffeur?	4028.wav	is there a hairdresser	correct	correct
4029	Frag: Wo ist der Coiffeur?	4029.wav	where is the hairdresser	correct	correct
4030	Frag: Zimmer für 5 Nächte	4030.wav	want a room for five nights	incorrect	correct
4031	Frag: Wo ist der Coiffeur?	4031.wav	where is the hairdresser	correct	correct
4032	Frag: Zimmer für 5 Nächte	4032.wav	a room for five nights	correct	correct
4033	Frag: Twinzimmer	4033.wav	a twin room	correct	correct
4034	Sag: Ich möchte mit Kreditkarte bezahlen	4034.wav	i want to pay with a credit card	correct	correct
4035	Frag: Gibt es einen Coiffeur?	4035.wav	do you have a hairdresser	correct	correct
4036	Frag: Wo ist der Coiffeur?	4036.wav	where is the hairdresser	correct	correct
4037	Sag: Mein Badezimmer ist dreckig	4037.wav	my bathroom is dirty	correct	correct
4038	Frag: Wo ist der Haarföhn?	4038.wav	where is the hair blower	incorrect	correct
4039	Frag: Wo ist der Haarföhn?	4039.wav	where is the hair blower	incorrect	correct
4040	Frag: Wo ist der Haarföhn?	4040.wav	where is the hair blower	incorrect	correct
4041	Frag: Zimmer für 3 Nächte	4041.wav	a room for three nights	correct	correct
4042	Frag: Twinzimmer	4042.wav	a twin room	correct	correct
4043	Sag: Ich möchte mit Mastercard bezahlen	4043.wav	i would like to pay with mastercard	correct	correct
4044	Frag: Gibt es eine Hotelbar?	4044.wav	do you have a hotel bar	correct	correct
4045	Frag: Wo ist die Hotelbar?	4045.wav	where is the hotel bar	correct	correct
4046	Sag: Mein WC ist dreckig	4046.wav	my toilet is dirty	correct	correct
4047	Sag: Im Zimmer hat es keinen Haarföhn	4047.wav	in the room is	incorrect	incorrect
4048	Sag: Im Zimmer hat es keinen Haarföhn	4048.wav	the room has not a hair dryer	incorrect	correct
4049	Sag: Im Zimmer hat es keinen Haarföhn	4049.wav	in the room isn't a hair dryer	incorrect	correct
4050	Frag: Zimmer für 6 Nächte	4050.wav	a room for six nights	correct	correct
4051	Frag: Twinzimmer	4051.wav	a twin room	correct	correct
4052	Frag: ein Ticket zum Trafalgar Square	4052.wav	a ticket to trafalgar square	correct	correct
4053	Frag: ein Ticket zum Trafalgar Square	4053.wav	a ticket to trafalgar square	correct	correct
4058	Sag: Ich möchte mit Mastercard bezahlen	4058.wav	can i pay by master card	correct	correct
4061	Frag: ein Ticket zum Trafalgar Square	4061.wav	can i have a ticket to trafalgar square	correct	correct
4062	Sag: Ich möchte mit Visa bezahlen	4062.wav	can i pay with a visa	incorrect	correct
4063	Sag: Ich möchte mit Pfund bezahlen	4063.wav	can i pay with pfund	incorrect	incorrect
4064	Sag: Ich möchte mit Pfund bezahlen	4064.wav	can i pay with pounds	correct	correct
4065	Frag: 3 Musical-Tickets	4065.wav	can i have three musical tickets	correct	correct
4066	Sag: Ich möchte heute Abend gehen	4066.wav	can i go this evening	correct	correct
4067	Sag: Ich möchte heute Abend gehen	4067.wav	i want to go this evening	correct	correct
4068	Sag: Ich möchte heute Abend gehen	4068.wav	can i go this evening	correct	correct
4069	Frag: 3 Tickets für das Phantom der Oper	4069.wav	i want three tickets for the phantom of the opera	correct	correct
4070	Sag: Ich möchte hinten sitzen	4070.wav	can i sit for behind	incorrect	incorrect
4071	Sag: Ich möchte hinten sitzen	4071.wav	i want to sit in the back	correct	correct
4072	Sag: Ich möchte hinten sitzen	4072.wav	can i sit in the back	correct	correct
4073	Frag: Tickets für das London Eye	4073.wav	can i have tickets for the london eye	correct	correct
4075	Frag: 4 Tickets für morgen Abend	4075.wav	i would like four tickets for tomorrow evening	correct	correct
4079	Frag: mein Steak rare	4079.wav	i want steak rare	incorrect	correct
4080	Frag: mein Steak rare	4080.wav	i want a rare steak	correct	correct
4081	Frag: mein Steak rare	4081.wav	i would like to have a steak rare	incorrect	correct
4083	Frag: etwas Kartoffelstock	4083.wav	i would like to have some of the smashed potatoes	incorrect	incorrect
4085	Frag: Ich möchte die Dessertkarte	4085.wav	i would like the dessert card	incorrect	correct
4087	Frag: weisse Stiefel	4087.wav	would like white boots	incorrect	correct
4088	Frag: weisse Stiefel	4088.wav	i would like white boots	correct	correct
4089	Frag: Grösse 41	4089.wav	forty one	correct	correct
4090	Frag: Grösse 41	4090.wav	forty one	correct	correct
4091	Frag: Jeans	4091.wav	i want some jeans	correct	correct
4092	Frag: Jeans	4092.wav	i would like to have some jeans	correct	correct
4093	Frag: weisse Jeans	4093.wav	i want white jeans	correct	correct
4094	Frag: eine L	4094.wav	big	incorrect	correct
4095	Frag: eine L	4095.wav	big	incorrect	correct
4097	Frag: Wie viel kostet die Jeans?	4097.wav	how much do the jeans cost	correct	correct
4098	Sag: Dies ist zu teuer	4098.wav	no this is too expensive	correct	correct
4099	Frag: Welcher Bus fährt dorthin?	4099.wav	which bus drives there	incorrect	correct
4100	Sag: Marble Arch ist gegenüber dem Hyde Park	4100.wav	marble arch is in front of the hyde park	incorrect	correct
4102	Frag: Gibt es einen Lift?	4102.wav	is there a lift	correct	correct
4103	Frag: Wo ist der Lift?	4103.wav	and where is the lift	correct	correct
4104	Frag: Wo ist der Lift?	4104.wav	there is the lift	incorrect	incorrect
4105	Frag: Wo ist der Lift?	4105.wav	where is the lift	correct	correct
4106	Sag: Ich bin aus Deutschland	4106.wav	i am from germany	correct	correct
4107	Sag: Ich bin aus Spanien	4107.wav	i am from spain	correct	correct
4108	Sag: Ich möchte um 16 Uhr morgen abreisen	4108.wav	i would like to leave tomorrow at four p m	correct	correct
4109	Sag: Ich bin aus Australien	4109.wav	i am from australia	correct	correct
4110	Sag: Ich heisse Janet	4110.wav	my name is janet	correct	correct
4111	Sag: Ich bin aus Österreich	4111.wav	i am from austria	correct	correct
4112	Sag: Ich heisse Erica	4112.wav	my name is erica	correct	correct
4113	Frag: Wo ist der Coiffeur?	4113.wav	where is the hairdresser	correct	correct
4114	Sag: Ich möchte mit Mastercard bezahlen	4114.wav	i want to pay with master card	correct	correct
4115	Frag: Gibt es einen Lebensmittelladen?	4115.wav	does it have a sup supermarket	correct	correct
4116	Frag: Gibt es einen Lebensmittelladen?	4116.wav	is there a grocery store	correct	correct
4117	Frag: Gibt es einen Lebensmittelladen?	4117.wav	is there a grocery store	correct	correct
4118	Frag: Wo ist der Lebensmittelladen?	4118.wav	where is the grocery store	correct	correct
4119	Frag: Wo ist der Lebensmittelladen?	4119.wav	where is the grocery store	correct	correct
4120	Frag: Wo ist der Lebensmittelladen?	4120.wav	where is the grocery store	correct	correct
4121	Sag: Ich möchte um 12 Uhr morgen abreisen	4121.wav	i want to leave at twelve o'clock tomorrow	correct	correct
4122	Sag: Ich möchte um 12 Uhr morgen abreisen	4122.wav	i would like to leave at twelve o'clock tomorrow	correct	correct
4123	Sag: Ich bin aus Schottland	4123.wav	i am from scotland	correct	correct
4125	Frag: Einzelzimmer	4125.wav	a single room	correct	correct
4126	Frag: Einzelzimmer	4126.wav	a single room please	correct	correct
4127	Sag: Ich möchte mit Kreditkarte bezahlen	4127.wav	i want to pay with the credit card	correct	correct
4128	Sag: Ich möchte mit Kreditkarte bezahlen	4128.wav	would i play with my credit card	incorrect	incorrect
4129	Sag: Ich möchte mit Kreditkarte bezahlen	4129.wav	i want to pay by credit card	correct	correct
4130	Frag: Gibt es eine Hotelbar?	4130.wav	is there a hotel bar	correct	correct
4131	Sag: Ich habe keine Reservation	4131.wav	i don't have a reservation	correct	correct
4132	Frag: Zimmer für 7 Nächte	4132.wav	a room for seven nights	correct	correct
4133	Frag: Einzelzimmer	4133.wav	a single room	correct	correct
4134	Sag: Ich möchte mit Kreditkarte bezahlen	4134.wav	i would to pay by credit card	incorrect	correct
4135	Sag: Ich möchte mit Kreditkarte bezahlen	4135.wav	i would to play pay by credit card	incorrect	correct
4136	Sag: Ich möchte mit Kreditkarte bezahlen	4136.wav	i would pay by credit card	incorrect	correct
4137	Frag: Gibt es ein Hotelrestaurant?	4137.wav	is there a hotel restaurant	correct	correct
4138	Frag: Wo ist das Hotelrestaurant?	4138.wav	where is the hotel restaurant	correct	correct
4139	Frag: Zimmer für 3 Nächte	4139.wav	a room for three nights	correct	correct
4140	Frag: Zimmer für 3 Nächte	4140.wav	a room for three nights	correct	correct
4141	Frag: Zimmer für 3 Nächte	4141.wav	a room for three nights	correct	correct
4142	Frag: Einzelzimmer	4142.wav	single room	correct	correct
4143	Frag: Einzelzimmer	4143.wav	a single room	correct	correct
4144	Frag: Einzelzimmer	4144.wav	single room	correct	correct
4145	Sag: Ich möchte mit Visa bezahlen	4145.wav	i want to pay by visa	correct	correct
4146	Sag: Ich möchte mit Visa bezahlen	4146.wav	i would to pay by visa	incorrect	correct
4147	Sag: Ich möchte mit Dollars bezahlen	4147.wav	i would to pay by dollars	incorrect	correct
4148	Frag: Gibt es einen Coiffeur?	4148.wav	is there a coiffeur	incorrect	correct
4149	Frag: Gibt es einen Coiffeur?	4149.wav	is there a hairdresser	correct	correct
4150	Frag: Wo ist der Coiffeur?	4150.wav	where is the hairdresser	correct	correct
4151	Sag: Mein WC ist dreckig	4151.wav	my toilet is dirty	correct	correct
4152	Sag: Im Zimmer hat es kein Shampoo	4152.wav	in the room there's no shampoo	correct	correct
4153	Sag: Im Zimmer hat es kein Shampoo	4153.wav	there is no shampoo in the room	correct	correct
4154	Sag: Im Zimmer hat es kein Shampoo	4154.wav	there is no shampoo in the room	correct	correct
4155	Frag: Wo kann ich ein Shampoo kaufen?	4155.wav	where i can buy shampoo	incorrect	correct
4156	Frag: Wo kann ich ein Shampoo kaufen?	4156.wav	where can i buy shampoo	correct	correct
4157	Frag: 4 Tickets nach London	4157.wav	four tickets to london	correct	correct
4158	Frag: 4 Tickets nach London	4158.wav	four tickets for london	correct	correct
4159	Frag: 4 Tickets nach London	4159.wav	four tickets to london	correct	correct
4161	Sag: Ich habe keine Reservation	4161.wav	i don't have a reservation	correct	correct
4162	Frag: Zimmer für 2 Nächte	4162.wav	i stay for two nights	incorrect	correct
4164	Frag: Doppelzimmer	4164.wav	i would like a double room	correct	correct
4165	Sag: Ich möchte mit Postkarte bezahlen	4165.wav	i would pay with post card	incorrect	correct
4166	Frag: Gibt es ein Schwimmbad?	4166.wav	do you have a swimming pool	correct	correct
4167	Frag: Wo ist das Schwimmbad?	4167.wav	where is the swimming pool	correct	correct
4168	Frag: Zimmer für 1 Woche	4168.wav	don't you hahaha i would have a room for one week	incorrect	correct
4171	Frag: Twinzimmer	4171.wav	twin room	correct	correct
4172	Frag: Twinzimmer	4172.wav	a twin room please	correct	correct
4174	Sag: Ich möchte mit Kreditkarte bezahlen	4174.wav	i want to pay with credit card	incorrect	correct
4175	Frag: Gibt es einen Lebensmittelladen?	4175.wav	do you have a supermarket	correct	correct
4176	Frag: Gibt es einen Lebensmittelladen?	4176.wav	is there a supermarket	correct	correct
4177	Frag: Gibt es einen Lebensmittelladen?	4177.wav	is there a grocery store	correct	correct
4178	Frag: Wo ist der Lebensmittelladen?	4178.wav	where is the grocery store	correct	correct
4179	Sag: Das WC ist dreckig	4179.wav	the toilet is dirty	correct	correct
4180	Sag: Im Zimmer hat es keinen Haarföhn	4180.wav	i could not i could not find the	incorrect	incorrect
4181	Sag: Im Zimmer hat es keinen Haarföhn	4181.wav	i could not find the ha hairdryer	correct	correct
4182	Sag: Im Zimmer hat es keinen Haarföhn	4182.wav	i could not find the hairdryer	correct	correct
4183	Frag: Wo kann ich einen Haarföhn kaufen?	4183.wav	where i can buy a hairdryer	correct	correct
4184	Frag: Wo kann ich einen Haarföhn kaufen?	4184.wav	where can i buy a hairdryer	correct	correct
4185	Sag: Ich habe keine Reservation	4185.wav	abi du dubbel	incorrect	incorrect
4186	Sag: Ich habe keine Reservation	4186.wav	no i haven't a	incorrect	incorrect
4187	Sag: Ich habe keine Reservation	4187.wav	no i have no reservation	correct	correct
4188	Sag: Ich habe keine Reservation	4188.wav	no i haven't got a reservation	correct	correct
4189	Frag: Zimmer für 2 Nächte	4189.wav	a room for two nights	correct	correct
4190	Frag: Doppelzimmer	4190.wav	a double room	correct	correct
4191	Frag: Doppelzimmer	4191.wav	a room for two person	incorrect	incorrect
4192	Frag: Doppelzimmer	4192.wav	i would like a double room	correct	correct
4194	Frag: Gibt es ein Hotelrestaurant?	4194.wav	is there a hotel restaurant	correct	correct
4195	Frag: Wo ist das Hotelrestaurant?	4195.wav	where is the hotel restaurant	correct	correct
4196	Frag: ein Ticket nach London	4196.wav	i would have a ticket to london	incorrect	correct
4197	Frag: ein Ticket nach London	4197.wav	i would one ticket to	incorrect	incorrect
4199	Sag: Ich möchte um 16 Uhr morgen abreisen	4199.wav	i would like to leave tomorrow at four p m	correct	correct
4200	Sag: Ich heisse Michelle	4200.wav	my name is michelle	correct	correct
4201	Sag: Ich bin aus Kanada	4201.wav	i am from canada	correct	correct
4202	Sag: Ich heisse Andy	4202.wav	my name is andy	correct	correct
4203	Sag: Ich bin aus Deutschland	4203.wav	i am from germany	correct	correct
4204	Sag: Die Hauptstadt von Deutschland ist Berlin	4204.wav	the capital of my country is berlin	incorrect	incorrect
4205	Sag: Die Hauptstadt von Deutschland ist Berlin	4205.wav	the capital of germany is berlin	correct	correct
4206	Sag: Ich habe 2 ältere Schwestern	4206.wav	i have two older sisters	correct	correct
4207	Sag: Ich gehe in die Ferien	4207.wav	i am on holiday	correct	correct
4208	Sag: Dies ist mein Pass	4208.wav	this is my passport	correct	correct
4209	Sag: Mir geht es gut	4209.wav	i am good	correct	correct
4210	Sag: Mir geht es gut	4210.wav	i am good	correct	correct
4211	Sag: Ich möchte mit Kreditkarte bezahlen	4211.wav	i will pay with credit card	incorrect	correct
4212	Sag: Ich möchte mit Kreditkarte bezahlen	4212.wav	i will pay with credit card	incorrect	correct
4213	Frag: Gibt es ein Fitnessstudio?	4213.wav	gives here a fitness studio	incorrect	correct
4214	Frag: Wo ist das Fitnessstudio?	4214.wav	where is the fitness studio	correct	correct
4215	Frag: Wo ist das Fitnessstudio?	4215.wav	where is the fitness studio	correct	correct
4216	Sag: Das WC ist dreckig	4216.wav	the wc is sale	incorrect	incorrect
4217	Sag: Das WC ist dreckig	4217.wav	the wc is sale	incorrect	incorrect
4219	Frag: Zimmer für 3 Nächte	4219.wav	can i have a room for three nights	correct	correct
4220	Frag: Junior Suite	4220.wav	can i have a junior suite	correct	correct
4222	Sag: Ich möchte mit Postkarte bezahlen	4222.wav	i like pay with post card	incorrect	correct
4223	Frag: Gibt es einen Coiffeur?	4223.wav	gives here a hairdresser	incorrect	correct
4224	Frag: Wo ist der Coiffeur?	4224.wav	where is the hairdresser	correct	correct
4225	Frag: Wo ist der Coiffeur?	4225.wav	where is the hairdresser	correct	correct
4226	Frag: Wo ist das Science Museum?	4226.wav	where is the science museum	correct	correct
4227	Frag: Wo ist das Science Museum?	4227.wav	where is the single ience museum	incorrect	incorrect
4228	Frag: Wo ist das Science Museum?	4228.wav	where is the science museum	correct	correct
4229	Frag: Wo ist der Tower?	4229.wav	where is the tower	correct	correct
4230	Frag: Wo ist der Tower?	4230.wav	where is the tower	correct	correct
4231	Frag: Wo ist der Tower?	4231.wav	can you give me the directions to the tower of london	correct	correct
4232	Frag: Welcher Bus fährt dorthin?	4232.wav	which bus goes there	correct	correct
4233	Sag: Marble Arch ist gegenüber dem Hyde Park	4233.wav	the marble arch is nei on the other side of hyde park	incorrect	incorrect
4234	Sag: Marble Arch ist gegenüber dem Hyde Park	4234.wav	the arch is at the other side opposite hyde park	incorrect	incorrect
4236	Sag: Ich habe keine Reservation	4236.wav	i don't have a reservation	correct	correct
4237	Sag: Ich habe keine Reservation	4237.wav	i haven't a reservation	incorrect	correct
4238	Sag: Ich habe keine Reservation	4238.wav	i don't have a reservation	correct	correct
4239	Sag: Ich habe keine Reservation	4239.wav	i haven't reservation	incorrect	correct
4240	Sag: Ich habe keine Reservation	4240.wav	i haven't reservation	incorrect	correct
4241	Sag: Ich habe keine Reservation	4241.wav	i have not a reservation	incorrect	correct
4243	Sag: Ich habe keine Reservation	4243.wav	no you are a dubbel	incorrect	incorrect
4244	Sag: Ich habe keine Reservation	4244.wav	i don't haven't a reservation	incorrect	correct
4245	Sag: Ich habe keine Reservation	4245.wav	you are a dubbel	incorrect	incorrect
4246	Sag: Ich habe keine Reservation	4246.wav	kuckuck	incorrect	incorrect
4247	Sag: Ich habe keine Reservation	4247.wav	i don't haven't a reservation i don't haven't a reservation	incorrect	correct
4248	Sag: Ich habe keine Reservation	4248.wav	grüessech frau käser	incorrect	incorrect
4249	Sag: Ich habe keine Reservation	4249.wav	funktioniert nid jo guet muesch nüt meh säge	incorrect	incorrect
4250	Frag: Zimmer für 3 Nächte	4250.wav	can i have a room for three nights please can i have a room for three nights	correct	correct
4251	Frag: Suite	4251.wav	can i have a suite	correct	correct
4252	Frag: Suite	4252.wav	suite	correct	correct
4254	Sag: Ich möchte mit Visa bezahlen	4254.wav	i would pay with visa	incorrect	correct
4255	Frag: Gibt es ein Fitnessstudio?	4255.wav	gives here a fitness studio	incorrect	incorrect
4256	Frag: Wo ist das Fitnessstudio?	4256.wav	where is the fitness studio	correct	correct
4257	Frag: Wo ist das Fitnessstudio?	4257.wav	where is the fitness studio	correct	correct
4258	Frag: Wo ist das Fitnessstudio?	4258.wav	where is the fitness studio	correct	correct
4259	Frag: 4 Musical-Tickets	4259.wav	can i have four musical tickets	correct	correct
4260	Frag: 4 Musical-Tickets	4260.wav	i would like buy four musical tickets	incorrect	correct
4261	Frag: 4 Musical-Tickets	4261.wav	i will pay four musical tickets	incorrect	incorrect
4262	Frag: ein Ticket für Mittwochabend	4262.wav	can i have a ticket for midday night	incorrect	incorrect
4264	Sag: Ich habe keine Reservation	4264.wav	i don't have a reservation	correct	correct
4265	Sag: Mir geht es gut	4265.wav	i'm fine	correct	correct
4266	Frag: Stiefel	4266.wav	i want to have shoes	incorrect	incorrect
4267	Frag: Stiefel	4267.wav	i would like some boots	correct	correct
4268	Frag: weisse Stiefel	4268.wav	i would like white boots	correct	correct
4269	Frag: Grösse 39	4269.wav	thirty-nine	correct	correct
4270	Frag: ein T-Shirt	4270.wav	i would like a t-shirt	correct	correct
4271	Frag: ein T-Shirt	4271.wav	i will like a t-shirt	incorrect	correct
4272	Frag: ein T-Shirt	4272.wav	i would like a t-shirt	correct	correct
4273	Sag: Mir geht es gut	4273.wav	i'm fine	correct	correct
4274	Frag: Sandalen	4274.wav	i would like sandals	correct	correct
4276	Frag: rote Sandalen	4276.wav	i would like red sandals	correct	correct
4277	Frag: rote Sandalen	4277.wav	red sandals	correct	correct
4278	Frag: Grösse 42	4278.wav	forty-two	correct	correct
4279	Frag: Hosen	4279.wav	i would like trousers	correct	correct
4280	Frag: Hosen	4280.wav	i am looking for trousers	correct	correct
4281	Frag: pinkige Hosen	4281.wav	i would like pink trousers	correct	correct
4283	Frag: Wie viel kostet die Hose?	4283.wav	how much does the trousers cost	incorrect	correct
4284	Sag: Die Hose ist zu teuer	4284.wav	this trousers is too teuer	incorrect	incorrect
4286	Frag: Wo ist das Naturhistorische Museum?	4286.wav	i am looking for the naturally naturally history museum	incorrect	correct
4287	Frag: Wo ist das Naturhistorische Museum?	4287.wav	i am looking for the natury history museum	incorrect	correct
4288	Frag: Wo ist Big Ben?	4288.wav	where are the big ben	incorrect	correct
4289	Frag: Wo ist Big Ben?	4289.wav	where is the big ben	incorrect	correct
4290	Frag: Welcher Bus fährt dorthin?	4290.wav	which bus goes there	correct	correct
4291	Sag: Marble Arch ist gegenüber dem Hyde Park	4291.wav	marble arch is vis à vis the hyde park	incorrect	incorrect
4292	Frag: ein Ticket nach Notting Hill	4292.wav	a billet to nothing hill	incorrect	incorrect
4293	Frag: ein Ticket nach Notting Hill	4293.wav	a billet to notting hill	incorrect	incorrect
4294	Frag: ein Ticket nach Notting Hill	4294.wav	i would like a ticket to notting hill	correct	correct
4296	Sag: Ich möchte mit Mastercard bezahlen	4296.wav	can i pay be mastercard	incorrect	correct
4297	Sag: Ich möchte mit Mastercard bezahlen	4297.wav	can i pay with mastercard	correct	correct
4299	Frag: 5 Tickets nach London	4299.wav	i would like boy five tickets to london	incorrect	correct
4300	Frag: 5 Tickets nach London	4300.wav	i would like five tickets to london	correct	correct
4302	Sag: Ich möchte am Sonntagnachmittag abreisen	4302.wav	i would like to leave on sunday afternoon	correct	correct
4304	Sag: Ich heisse Sarah	4304.wav	my name is sarah	correct	correct
4305	Sag: Ich bin aus Österreich	4305.wav	i am from austrish	incorrect	incorrect
4306	Sag: Ich heisse Silvia	4306.wav	my name is silvia	correct	correct
4307	Sag: Ich bin aus England	4307.wav	i am from england	correct	correct
4308	Frag: ein Ticket zum Piccadilly Circus	4308.wav	tickets to the pissadilly circus	incorrect	correct
4309	Frag: ein Ticket zum Piccadilly Circus	4309.wav	i want a ticket to piccasarticircus	incorrect	incorrect
4310	Frag: ein Ticket zum Piccadilly Circus	4310.wav	i want a ticket to piccadilly circus	correct	correct
4311	Sag: Ich möchte mit Mastercard bezahlen	4311.wav	i want buy with the master card	incorrect	correct
4312	Sag: Ich möchte mit Mastercard bezahlen	4312.wav	can i pay diner's card	incorrect	incorrect
4313	Frag: 4 Musical-Tickets	4313.wav	four musical tickets	correct	correct
4314	Frag: 4 Musical-Tickets	4314.wav	i want pay four musical tickets	incorrect	correct
4315	Frag: 4 Musical-Tickets	4315.wav	i would like to buy four musical tickets	correct	correct
4317	Frag: 4 Tickets für Mittwochabend	4317.wav	four tickets for wednesday evening	correct	correct
4318	Frag: 4 Tickets für Mittwochabend	4318.wav	i want four tickets for wednesday night	correct	correct
4319	Frag: 4 Tickets für das Phantom der Oper	4319.wav	i want four tickets for the phantom of the opera	correct	correct
4321	Sag: Ich möchte vorne sitzen	4321.wav	i would like to sit in the front	correct	correct
4322	Frag: Tickets für das London Eye	4322.wav	tickets for the london eye	correct	correct
4323	Frag: Tickets für das London Eye	4323.wav	tickets for the london eye	incorrect	correct
4324	Frag: Tickets für das London Eye	4324.wav	can i also have tickets for the london eye	correct	correct
4325	Frag: 2 Tickets	4325.wav	two tickets	correct	correct
4326	Frag: 2 Tickets	4326.wav	can i have two tickets	correct	correct
4327	Frag: eine Limonade	4327.wav	i would like a lemonade	correct	correct
4328	Frag: einen Hamburger	4328.wav	i would like a hamburger	correct	correct
4329	Frag: meinen Hamburger rare	4329.wav	i would like my hamburger rare	correct	correct
4330	Frag: meinen Hamburger rare	4330.wav	i would like my hamburger rare	correct	correct
4331	Frag: meinen Hamburger rare	4331.wav	i would like my hamburger rare	correct	correct
4332	Frag: Auberginen	4332.wav	i would like aubergines	correct	correct
4333	Frag: Auberginen	4333.wav	could i have some aubergines	correct	correct
4334	Frag: Ich möchte die Dessertkarte	4334.wav	i would like the dessert card	incorrect	correct
4335	Frag: Ich möchte die Dessertkarte	4335.wav	i would like the dessert plan	incorrect	incorrect
4336	Frag: Ich möchte die Dessertkarte	4336.wav	the dessert menu	correct	correct
4337	Frag: Custard Tart	4337.wav	i would like the custard tart	correct	correct
4338	Frag: Ich möchte die Rechnung	4338.wav	i would like to pay	correct	correct
4339	Frag: Ich möchte die Rechnung	4339.wav	i would like the check	correct	correct
4340	Sag: Ich möchte mit Kreditkarte bezahlen	4340.wav	i would like pay with the credit card	incorrect	correct
4343	Sag: Mir geht es gut	4343.wav	eh i'm fine	correct	correct
4344	Sag: Mir geht es gut	4344.wav	i'm good	correct	correct
4346	Frag: Sandalen	4346.wav	i would like sandals jetzt chani	incorrect	incorrect
4347	Frag: Sandalen	4347.wav	i would like sandals	correct	correct
4348	Frag: blaue Sandalen	4348.wav	i would like blue sandals	correct	correct
4349	Frag: Grösse 41	4349.wav	forty-one	correct	correct
4350	Frag: ein T-Shirt	4350.wav	i want a t-shirt	correct	correct
4351	Frag: ein rotes T-Shirt	4351.wav	i want a red t-shirt	correct	correct
4352	Frag: eine S	4352.wav	little	incorrect	correct
4353	Frag: eine S	4353.wav	little	incorrect	correct
4354	Frag: eine S	4354.wav	little eh small	correct	correct
4355	Frag: Wie viel kostet das T-Shirt?	4355.wav	how much does the t-shirt cost	correct	correct
4357	Frag: Stiefel	4357.wav	i would like some boots	correct	correct
4358	Frag: Stiefel	4358.wav	i would like some boo	incorrect	incorrect
4359	Frag: Stiefel	4359.wav	i would like some boots	correct	correct
4360	Frag: weisse Stiefel	4360.wav	i would like white boots	correct	correct
4361	Frag: Grösse 43	4361.wav	forty three	correct	correct
4362	Frag: Grösse 43	4362.wav	forty three	correct	correct
4363	Sag: Ich habe keine Reservation	4363.wav	no i do not have a reservation	correct	correct
4364	Frag: Zimmer für 2 Nächte	4364.wav	i want a room for two nights	correct	correct
4365	Frag: Einzelzimmer	4365.wav	can i have a single room	correct	correct
4366	Sag: Ich möchte mit Mastercard bezahlen	4366.wav	can i pay with mastercard	correct	correct
4368	Frag: Gibt es ein Fitnessstudio?	4368.wav	is there a gym	correct	correct
4369	Frag: Wo ist das Fitnessstudio?	4369.wav	where is the gym	correct	correct
4370	Sag: Ich habe keine Reservation	4370.wav	no i do not have a reservation	correct	correct
4371	Frag: Zimmer für 4 Nächte	4371.wav	i want a room for four nights	correct	correct
4372	Frag: Einzelzimmer	4372.wav	can i you have a single room please	incorrect	correct
4373	Sag: Ich möchte mit Kreditkarte bezahlen	4373.wav	i want pay with credit card	incorrect	correct
4374	Frag: Gibt es ein Hotelrestaurant?	4374.wav	is there a hotel restaurant	correct	correct
4375	Frag: Wo ist das Hotelrestaurant?	4375.wav	where is the hotel restaurant	correct	correct
4377	Frag: Zimmer für 6 Nächte	4377.wav	can i have a room for six nights	correct	correct
4380	Frag: Gibt es ein Hotelrestaurant?	4380.wav	is there a hotel restaurant	correct	correct
4381	Frag: Wo ist das Hotelrestaurant?	4381.wav	where is the hotel restaurant	correct	correct
4382	Frag: Zimmer für 5 Nächte	4382.wav	can i have a room for five nights	correct	correct
4383	Frag: Doppelzimmer	4383.wav	can i have a double room	correct	correct
4384	Sag: Ich möchte mit Kreditkarte bezahlen	4384.wav	i want pay with credit card	incorrect	correct
4385	Frag: Gibt es einen Lebensmittelladen?	4385.wav	there a grocery sto store	incorrect	correct
4386	Frag: Wo ist der Lebensmittelladen?	4386.wav	where is the grocery store	correct	correct
4387	Sag: Ich habe keine Reservation	4387.wav	i have not a reservation	incorrect	correct
4388	Sag: Ich habe keine Reservation	4388.wav	you can't ask help at silver level	incorrect	incorrect
4389	Sag: Ich habe keine Reservation	4389.wav	i don't a reservation	incorrect	correct
4390	Sag: Ich habe keine Reservation	4390.wav	i do not a reservation	incorrect	correct
4392	Sag: Ich habe keine Reservation	4392.wav	i have not a reservation	incorrect	correct
4394	Sag: Ich habe keine Reservation	4394.wav	i can't ask for help at the silver level	incorrect	incorrect
4395	Sag: Ich habe keine Reservation	4395.wav	you can't ask help at the silver level	incorrect	incorrect
4396	Sag: Ich heisse Thomas	4396.wav	my name is thomas	correct	correct
4397	Sag: Ich bin aus Irland	4397.wav	i am from ireland	correct	correct
4398	Frag: ein Ticket nach London	4398.wav	i want one ticket to london	correct	correct
4399	Sag: Ich möchte um 18 Uhr morgen abreisen	4399.wav	i want to leave at six pm tomorrow	correct	correct
4400	Sag: Ich heisse Thomas	4400.wav	my name is thomas	correct	correct
4401	Sag: Ich bin aus Spanien	4401.wav	i am from spain	correct	correct
4402	Sag: Ich heisse Patrick	4402.wav	my name is patrick	correct	correct
4403	Sag: Ich bin aus der Schweiz	4403.wav	i am from switzerland switzerland	correct	correct
4404	Sag: Die Hauptstadt von der Schweiz ist Bern	4404.wav	the capital city of the swiss is bern	incorrect	correct
4405	Sag: Die Hauptstadt von der Schweiz ist Bern	4405.wav	the capital of switzerland is bern	correct	correct
4406	Sag: Ich habe 3 ältere Brüder	4406.wav	i have three older brothers	correct	correct
4408	Sag: Ich gehe in die Ferien	4408.wav	i going on holidays	incorrect	correct
4409	Sag: Dies ist mein Pass	4409.wav	this is my passport	correct	correct
4410	Sag: Dies ist mein Pass	4410.wav	yes it is my passport	correct	correct
4411	Frag: ein Ticket nach Notting Hill	4411.wav	can i have a ticket to notting hill	correct	correct
4412	Sag: Ich möchte mit Visa bezahlen	4412.wav	pay with visa	incorrect	correct
4413	Sag: Ich möchte mit Visa bezahlen	4413.wav	can i pay with visa	correct	correct
4415	Frag: 1 Musical-Ticket	4415.wav	can i have one musical ticket	correct	correct
4417	Sag: Ich möchte am Dienstagabend gehen	4417.wav	i want to go on tuesday evening	correct	correct
4418	Frag: ein Ticket für Mamma Mia	4418.wav	a ticket for mamma mia	correct	correct
4419	Frag: ein Ticket für Mamma Mia	4419.wav	i want one ticket for mamma mia	correct	correct
4420	Sag: Ich möchte in der fünften Reihe sitzen	4420.wav	i would like to sit in the fifth row	correct	correct
4421	Sag: Ich möchte in der fünften Reihe sitzen	4421.wav	i want to sit in the fifth row	correct	correct
4422	Frag: Tickets für die National Gallery	4422.wav	i would like tickets for the national gallery	correct	correct
4423	Frag: 2 Tickets	4423.wav	can i have two tickets please	correct	correct
4424	Frag: Zimmer für 4 Nächte	4424.wav	i want a room for four nights	correct	correct
4425	Frag: Doppelzimmer	4425.wav	can i have a double room please	correct	correct
4426	Sag: Ich möchte mit Visa bezahlen	4426.wav	i want pay with visa card	incorrect	correct
4427	Sag: Ich möchte mit Visa bezahlen	4427.wav	i want pay with visa	incorrect	correct
4428	Sag: Ich möchte mit Visa bezahlen	4428.wav	i want pay with visa	incorrect	correct
4429	Frag: Gibt es ein Hotelrestaurant?	4429.wav	is there a hotel restaurant	correct	correct
4430	Frag: Wo ist das Hotelrestaurant?	4430.wav	where is the hotel restaurant	correct	correct
4431	Frag: Wo ist das Hotelrestaurant?	4431.wav	where is the hotel restaurant	correct	correct
4432	Frag: Wo ist die National Gallery?	4432.wav	where is the national gallery	correct	correct
4433	Frag: Wo ist Piccadilly Circus?	4433.wav	where is the piccadilly circus	incorrect	correct
4434	Frag: Wo ist Piccadilly Circus?	4434.wav	where is the piccadilly circus	incorrect	correct
4435	Frag: Wo ist Piccadilly Circus?	4435.wav	where is the piccadilly bill	incorrect	incorrect
4436	Sag: Es ist nahe der Bank of England	4436.wav	it's near the bank of england near the bank england	incorrect	correct
4437	Sag: Es ist nahe der Bank of England	4437.wav	it is near the bank of england	correct	correct
4438	Sag: Mir geht es gut	4438.wav	i'm good	correct	correct
4439	Frag: Stiefel	4439.wav	i would like some boots	correct	correct
4440	Frag: weisse Stiefel	4440.wav	i would like white boots	correct	correct
4441	Frag: weisse Stiefel	4441.wav	i would like white boots	correct	correct
4442	Frag: Grösse 42	4442.wav	question forty-two	incorrect	incorrect
4443	Frag: ein T-Shirt	4443.wav	i would like a t-shirt	correct	correct
4444	Frag: ein T-Shirt	4444.wav	i would like a t-shirt	correct	correct
4445	Frag: ein gelbes T-Shirt	4445.wav	i would like a yellow t-shirt	correct	correct
4446	Frag: eine S	4446.wav	small	correct	correct
4447	Frag: Wie viel kostet das T-Shirt?	4447.wav	how much is this tee shirt	correct	correct
4449	Sag: Dies ist zu teuer	4449.wav	this is too cher	incorrect	incorrect
4450	Sag: Dies ist zu teuer	4450.wav	it's too expensive	correct	correct
4451	Sag: Mir geht es gut	4451.wav	i'm good	correct	correct
4452	Frag: Sandalen	4452.wav	i am looking for sandals	correct	correct
4453	Frag: blaue Sandalen	4453.wav	i would like blue sandals	correct	correct
4454	Frag: blaue Sandalen	4454.wav	blue sandals please	correct	correct
4455	Frag: Grösse 43	4455.wav	question forty three	incorrect	incorrect
4456	Frag: Grösse 43	4456.wav	i am a forty-two	incorrect	incorrect
4457	Frag: ein Hemd	4457.wav	i want a shirt	correct	correct
4458	Frag: ein Hemd	4458.wav	i want a shirt	correct	correct
4459	Frag: ein pinkiges Hemd	4459.wav	i would like a pink shirt	correct	correct
4460	Frag: eine L	4460.wav	big	incorrect	correct
4461	Sag: Dies ist zu eng	4461.wav	 is it too tight	correct	correct
4462	Sag: Dies ist zu eng	4462.wav	this is too tight	correct	correct
4463	Sag du möchtest nicht: dieses Hemd	4463.wav	i do not want this shirt	correct	correct
4464	Sag, dass du es nicht möchtest	4464.wav	no i do not want it	correct	correct
4465	Sag: Ich habe keine Reservation	4465.wav	i have not a reservation	incorrect	correct
4466	Sag: Ich habe keine Reservation	4466.wav	you can't ask help at the silver level	incorrect	incorrect
4468	Frag: ein Ticket zum Piccadilly Circus	4468.wav	i want a ticket to piccadilly circus	correct	correct
4470	Frag: 4 Tickets nach London	4470.wav	i want four tickets to london	correct	correct
4471	Frag: 4 Tickets nach London	4471.wav	i would like	incorrect	incorrect
4472	Frag: 4 Tickets nach London	4472.wav	i would like four tickets to london	correct	correct
4473	Sag: Ich möchte am Dienstagabend abreisen	4473.wav	i want to leave on tuesday evening	correct	correct
4474	Sag: Ich heisse Nick	4474.wav	my name is nick	correct	correct
4475	Sag: Ich bin aus Österreich	4475.wav	i am from austria	correct	correct
4476	Frag: 2 Tickets nach London	4476.wav	i would like two tickets to london	correct	correct
4477	Sag: Ich möchte am Sonntag abreisen	4477.wav	i want to leave on sunday	correct	correct
4478	Sag: Ich heisse Patrick	4478.wav	my name is patrick	correct	correct
4479	Frag: 3 Tickets nach London	4479.wav	can i have three tickets to london	correct	correct
4480	Sag: Ich möchte am Samstagabend abreisen	4480.wav	i like to leave at sat saturday evening	incorrect	correct
4481	Sag: Ich heisse Barbara	4481.wav	my name is barbara	correct	correct
4482	Sag: Ich bin aus Spanien	4482.wav	i am from espanien	incorrect	correct
4483	Sag: Ich bin aus Spanien	4483.wav	i am from espania	incorrect	correct
4484	Sag: Ich heisse James	4484.wav	my name is james	correct	correct
4485	Sag: Ich bin aus Italien	4485.wav	i am from italia	incorrect	incorrect
4486	Sag: Die Hauptstadt von Italien ist Rom	4486.wav	the capital of italian is rome	incorrect	correct
4487	Sag: Ich habe 4 Schwestern	4487.wav	i have four siblings	incorrect	incorrect
4488	Sag: Ich habe 4 Schwestern	4488.wav	i have four sisters	correct	correct
4489	Sag: Ich gehe in die Ferien	4489.wav	i go on the holiday	incorrect	correct
4490	Sag: Dies ist mein Pass	4490.wav	yes this is my passport	correct	correct
4491	Sag: Ich heisse Silvia	4491.wav	my name is silvia	correct	correct
4492	Sag: Ich bin aus Spanien	4492.wav	i'm from espania	incorrect	correct
4493	Sag: Die Hauptstadt von Spanien ist Madrid	4493.wav	the capital of espania is madrid	incorrect	correct
4494	Sag: Ich habe 4 ältere Schwestern	4494.wav	i have four older sisters	correct	correct
4496	Sag: Dies ist mein Pass	4496.wav	yes this is my passport	correct	correct
4497	Sag: Ich heisse Erica	4497.wav	my name is erica	correct	correct
4498	Sag: Ich bin aus Australien	4498.wav	i am from australia	correct	correct
4499	Sag: Ich heisse Mona	4499.wav	my name is mona	correct	correct
4500	Sag: Ich bin aus Amerika	4500.wav	i am from america	correct	correct
4501	Sag: Ich heisse Michelle	4501.wav	my name is michelle	correct	correct
4502	Sag: Ich bin aus England	4502.wav	i am from england	correct	correct
4503	Sag: Ich heisse Jack	4503.wav	my name is jack	correct	correct
4504	Sag: Ich bin aus Schottland	4504.wav	i am from scotland	correct	correct
4505	Sag: Ich heisse Jack	4505.wav	my name is jack	correct	correct
4506	Sag: Ich bin aus Österreich	4506.wav	i am from austria	correct	correct
4507	Sag: Österreich ist nicht in Afrika	4507.wav	austria isn't in africa	correct	correct
4508	Sag: Österreich ist in Europa	4508.wav	austria is in europe	correct	correct
4509	Sag: Das ist okay	4509.wav	that is okay	correct	correct
4510	Sag: Das ist okay	4510.wav	that is okay	correct	correct
4511	Sag: Das ist okay	4511.wav	that is okay	correct	correct
4512	Sag: Die Hauptstadt von Österreich ist Wien	4512.wav	the capital of austria is wien	incorrect	correct
4513	Sag: Ich habe eine ältere Schwester	4513.wav	i have three older sisters	incorrect	incorrect
4514	Sag: Ich habe eine ältere Schwester	4514.wav	i have three older sisters	incorrect	incorrect
4515	Sag: Ich habe eine ältere Schwester	4515.wav	i have three older sisters	incorrect	incorrect
4517	Sag: Dies ist mein Pass	4517.wav	this is my passport	correct	correct
4518	Sag: Dies ist mein Pass	4518.wav	yes this is my passport	correct	correct
4519	Frag: ein Ticket zum Green Park	4519.wav	can i have a ticket to the green park	incorrect	correct
4520	Sag: Ich möchte mit Kreditkarte bezahlen	4520.wav	i like to pay with credit card	incorrect	correct
4521	Sag: Ich möchte mit Pfund bezahlen	4521.wav	i like to buy with pounds	incorrect	correct
4522	Sag: Ich habe nur grosse Noten	4522.wav	i have only great note	incorrect	incorrect
4523	Sag: Ich habe nur grosse Noten	4523.wav	i only have large notes	correct	correct
4524	Frag: Wo ist der Geldautomat?	4524.wav	euh where is the atm	correct	correct
4525	Frag: Wo ist der Geldautomat?	4525.wav	where is the a t m	correct	correct
4526	Frag: ein Ticket zum Trafalgar Square	4526.wav	can i have a ticket to the travel squares	incorrect	incorrect
4527	Sag: Ich möchte mit Postkarte bezahlen	4527.wav	i like to pay by post card	incorrect	correct
4528	Sag: Ich möchte mit Schweizer Franken bezahlen	4528.wav	i like to pay by swiss francs	incorrect	correct
4529	Sag: Ich möchte mit Schweizer Franken bezahlen	4529.wav	i like pay with swiss francs	incorrect	correct
4530	Sag: Ich möchte mit Schweizer Franken bezahlen	4530.wav	can i pay with swiss francs	correct	correct
4531	Sag: Ich habe kleinere Note	4531.wav	i have smaller notes	correct	correct
4532	Frag: ein Ticket nach Notting Hill	4532.wav	can i have a ticket to notting hill	correct	correct
4533	Sag: Ich möchte mit Visa bezahlen	4533.wav	can i pay with vi visa	correct	correct
4534	Sag: Ich möchte mit Euros bezahlen	4534.wav	can i pay with euros	correct	correct
4535	Sag: Ich habe nur grosse Noten	4535.wav	i have only big notes	correct	correct
4536	Sag: Ich habe nur grosse Noten	4536.wav	i only have big notes	correct	correct
4538	Sag: Kann ich mit Kreditkarte bezahlen	4538.wav	can i pay with credit card	incorrect	correct
4539	Sag: Kann ich mit Kreditkarte bezahlen	4539.wav	can i pay with credit card	incorrect	correct
4540	Sag: Kann ich mit Kreditkarte bezahlen	4540.wav	i like to pay with credit card	incorrect	correct
4541	Frag: 3 Musical-Tickets	4541.wav	can i have three musical tickets	correct	correct
4542	Frag: ein Ticket für Donnerstagabend	4542.wav	i like to go at tuesday evening	incorrect	incorrect
4544	Frag: 3 Tickets für Wicked	4544.wav	can i have three tickets for wicked	correct	correct
4545	Sag: Ich möchte in der vierten Reihe sitzen	4545.wav	i would like to sit in the fourth row	correct	correct
4546	Frag: Tickets für das Naturhistorische Museum	4546.wav	can i have tickets for the natural museum	incorrect	incorrect
4547	Frag: 2 Tickets	4547.wav	can i have two tickets	correct	correct
4548	Frag: 1 Musical-Ticket	4548.wav	can i have one musical ticket	correct	correct
4549	Frag: ein Ticket für Freitagabend	4549.wav	i like to go at friday night	incorrect	correct
4550	Frag: ein Ticket für Freitagabend	4550.wav	can i have a ticket for friday night	correct	correct
4551	Frag: ein Ticket für Freitagabend	4551.wav	i couldn't understand you	incorrect	incorrect
4552	Frag: ein Ticket für Billy Elliot	4552.wav	can i have a ticket for billy elliot	correct	correct
4553	Sag: Ich möchte vorne sitzen	4553.wav	i like to sat on the first row	incorrect	correct
4554	Sag: Ich möchte vorne sitzen	4554.wav	i like to sit in the first row	incorrect	correct
4556	Frag: Tickets für die National Gallery	4556.wav	can i have tickets for the national gallery	correct	correct
4557	Frag: 4 Tickets	4557.wav	can i have four tickets	correct	correct
4558	Frag: 4 Musical-Tickets	4558.wav	can i have four musical tickets	correct	correct
4559	Sag: Ich möchte am Dienstagabend gehen	4559.wav	i like to go at tuesday night	incorrect	correct
4560	Frag: 4 Tickets für Wicked	4560.wav	can i have four tickets for wicked	correct	correct
4562	Frag: Tickets für die National Gallery	4562.wav	can i have tickets for the national gallery	correct	correct
4563	Frag: 3 Tickets	4563.wav	can i have three tickets	correct	correct
4564	Frag: einen Tee	4564.wav	can i have a tea	correct	correct
4565	Frag: einen Tee	4565.wav	i would like a tea	correct	correct
4566	Frag: einen Hamburger	4566.wav	i would like a hamburger	correct	correct
4567	Frag: meinen Hamburger medium	4567.wav	i would like my hamburger medium	correct	correct
4568	Frag: etwas Knoblauchbrot	4568.wav	i would like some garlic bread	correct	correct
4569	Frag: Ich möchte die Dessertkarte	4569.wav	can i have the dessert card	incorrect	correct
4570	Frag: Ich möchte die Dessertkarte	4570.wav	i would like the dessert card	incorrect	correct
4571	Frag: Ich möchte die Dessertkarte	4571.wav	the dessert menu please	correct	correct
4572	Frag: ein Wasser ohne Kohlensäure	4572.wav	can i have a still water	correct	correct
4573	Frag: den Sonntagsbraten	4573.wav	i would like the sunday roast	correct	correct
4574	Frag: den Sonntagsbraten	4574.wav	can i have the sunday roast	correct	correct
4575	Frag: meinen Sonntagsbraten medium	4575.wav	i like my sunday roast medium	correct	correct
4576	Frag: Pilze	4576.wav	can i have some mushrooms	correct	correct
4577	Sag: Dies ist nicht was ich bestellt habe	4577.wav	this is not what i ordered	correct	correct
4578	Frag: Ich möchte die Dessertkarte	4578.wav	can i have the dessert menu	correct	correct
4579	Frag: Ich möchte die Dessertkarte	4579.wav	can i have the dessert menu please	correct	correct
4580	Frag: Custard Tart	4580.wav	i would like the custard tart	correct	correct
4581	Frag: Ich möchte die Rechnung	4581.wav	can i have the bill	correct	correct
4582	Sag: Ich möchte mit Kreditkarte bezahlen	4582.wav	i like to pay by credit card	incorrect	correct
4583	Frag: eine Fanta	4583.wav	can i have a fanta	correct	correct
4584	Frag: ein Steak	4584.wav	can i have a steak	correct	correct
4585	Frag: mein Steak medium	4585.wav	i like my steak medium	correct	correct
4586	Frag: Bohnen	4586.wav	i would like bones	incorrect	incorrect
4587	Frag: Bohnen	4587.wav	i would like some beans	correct	correct
4588	Frag: Ich möchte die Dessertkarte	4588.wav	can i have the dessert menu	correct	correct
4589	Frag: Ich möchte die Dessertkarte	4589.wav	can i have the dessert menu	correct	correct
4590	Frag: Ich möchte die Dessertkarte	4590.wav	the dessert menu please	correct	correct
4591	Frag: eine Cola	4591.wav	can i have a coke	correct	correct
4592	Frag: ein Steak	4592.wav	can i have a steak	correct	correct
4593	Frag: ein Steak	4593.wav	can i have the steak	correct	correct
4594	Frag: ein Steak	4594.wav	i would like the steak	correct	correct
4595	Frag: mein Steak durchgebraten	4595.wav	i would like my steak well done	correct	correct
4596	Frag: mein Steak durchgebraten	4596.wav	i would like my steak well down	incorrect	correct
4597	Frag: die Tagessuppe	4597.wav	can i have the soup of the day	correct	correct
4598	Sag: Dies ist nicht was ich bestellt habe	4598.wav	that's not what i ordered	correct	correct
4599	Sag: Dies ist nicht was ich bestellt habe	4599.wav	that is not what i order	incorrect	correct
4600	Sag: Dies ist nicht was ich bestellt habe	4600.wav	this is not what i ordered	correct	correct
4601	Frag: Ich möchte die Dessertkarte	4601.wav	can i have the dessert menu please can i have the dessert menu please	correct	correct
4602	Frag: Ich möchte die Dessertkarte	4602.wav	can i have the dessert menu	correct	correct
4603	Frag: Custard Tart	4603.wav	i would like the custard tart	correct	correct
4604	Frag: Ich möchte die Rechnung	4604.wav	can i have the bill	correct	correct
4605	Sag: Ich möchte mit Kreditkarte bezahlen	4605.wav	i like to pay with credit card	incorrect	correct
4606	Frag: eine Limonade	4606.wav	can i have a lemonade	correct	correct
4607	Frag: ein Steak	4607.wav	can i have the steak	correct	correct
4608	Frag: mein Steak rare	4608.wav	i like my steak rare	correct	correct
4609	Frag: etwas Knoblauchbrot	4609.wav	can i have a cursy bread	incorrect	incorrect
4610	Frag: etwas Knoblauchbrot	4610.wav	can i have a bit percy bread	incorrect	incorrect
4611	Frag: etwas Knoblauchbrot	4611.wav	can i have a bit toast bread	incorrect	incorrect
4612	Sag: Dies ist nicht was ich bestellt habe	4612.wav	this is not what what i ordered	correct	correct
4613	Frag: Ich möchte die Dessertkarte	4613.wav	can i have the dessert menu	correct	correct
4614	Frag: Ich möchte die Dessertkarte	4614.wav	can i have the dessert menu please	correct	correct
4615	Frag: Ich möchte die Dessertkarte	4615.wav	can i have the dessert menu please	correct	correct
4617	Frag: Zitronenkuchen	4617.wav	i would like a citro cake	incorrect	incorrect
4618	Frag: Zitronenkuchen	4618.wav	i would like the cake of citro	incorrect	incorrect
4619	Frag: Ich möchte die Rechnung	4619.wav	can i have the bill	correct	correct
4620	Sag: Ich möchte mit Kreditkarte bezahlen	4620.wav	i like to pay with credit card	incorrect	correct
4621	Sag: Ich möchte mit Kreditkarte bezahlen	4621.wav	i would like to pay with credit card	incorrect	correct
4622	Frag: Wo ist die National Gallery?	4622.wav	where is the national gallery	correct	correct
4623	Frag: Wo ist Piccadilly Circus?	4623.wav	where is the piccadilly circus	incorrect	correct
4624	Frag: Wo ist Piccadilly Circus?	4624.wav	could you give me directions to piccadilly circus	correct	correct
4625	Frag: Welcher Bus fährt dorthin?	4625.wav	which bus can i take	correct	correct
4627	Frag: Wo ist das Science Museum?	4627.wav	where is the science museum	correct	correct
4628	Frag: Wo ist das London Eye?	4628.wav	where is the london eye	correct	correct
4629	Frag: Welcher Bus fährt dorthin?	4629.wav	which bus can i take	correct	correct
4630	Sag: Der Tower ist nahe der Tower Bridge	4630.wav	the tower is near the tower bridge	correct	correct
4631	Sag: Ich weiss es nicht	4631.wav	i don't know	correct	correct
4632	Sag: Ich muss gehen	4632.wav	i'd like to go	correct	correct
4634	Frag: Wo ist das Science Museum?	4634.wav	where is the science museum	correct	correct
4635	Sag: Marble Arch ist gegenüber dem Hyde Park	4635.wav	the marble arch is across the hyde park	incorrect	incorrect
4636	Sag: Marble Arch ist gegenüber dem Hyde Park	4636.wav	the marble parch nei	incorrect	incorrect
4637	Sag: Marble Arch ist gegenüber dem Hyde Park	4637.wav	the marble arch is across to hyde park	incorrect	correct
4638	Frag: Wo ist das British Museum?	4638.wav	where is the british museum	correct	correct
4639	Frag: Wo ist das British Museum?	4639.wav	where is the british museum	correct	correct
4640	Frag: Wo ist Big Ben?	4640.wav	where is the big ben	incorrect	correct
4641	Frag: Welcher Bus fährt dorthin?	4641.wav	which bus can i take	correct	correct
4642	Sag: Saint Pauls Cathedral ist nahe der Bank of England	4642.wav	the saint pauls cathedral is near to bank of england	incorrect	correct
4643	Frag: Wo ist das Science Museum?	4643.wav	where is the science museum	correct	correct
4644	Frag: Wo ist der Tower?	4644.wav	where is the tower	correct	correct
4645	Frag: Wo ist der Tower?	4645.wav	where is the tower	correct	correct
4646	Frag: Wo ist der Tower?	4646.wav	where is the tower	correct	correct
4647	Sag: Saint Pauls Cathedral ist nahe der Bank of England	4647.wav	the saint pauls cathedral is near to the bank of england	incorrect	correct
4649	Frag: Sandalen	4649.wav	i would like sandals	correct	correct
4651	Frag: rote Sandalen	4651.wav	i would like red sandals	correct	correct
4652	Frag: Grösse 39	4652.wav	thirty-nine	correct	correct
4653	Frag: Jeans	4653.wav	can i have teen	incorrect	incorrect
4654	Frag: pinkige Jeans	4654.wav	i would like pink jeans	correct	correct
4656	Frag: Wie viel kostet die Jeans?	4656.wav	how much are these jeans	correct	correct
4657	Frag: Wie viel kostet die Jeans?	4657.wav	how much does the jeans cost	incorrect	correct
4658	Sag: Dies ist zu teuer	4658.wav	this is too expensive	correct	correct
4659	Sag: Mir geht es gut	4659.wav	i'm fine	correct	correct
4660	Frag: Stiefel	4660.wav	i would like boots	correct	correct
4661	Frag: blaue Stiefel	4661.wav	i would like blue boots	correct	correct
4662	Frag: Grösse 37	4662.wav	thirty-seven	correct	correct
4663	Frag: ein Hemd	4663.wav	can i have a shirt	correct	correct
4664	Frag: ein gelbes Hemd	4664.wav	i would like a yellow shirt	correct	correct
4667	Frag: eine L	4667.wav	i am a large	correct	correct
4668	Frag: Wie viel kostet es?	4668.wav	how much does it cost	correct	correct
4669	Sag: Das Hemd ist zu teuer	4669.wav	the shirt is too expensive	correct	correct
4670	Frag: Zimmer für 5 Nächte	4670.wav	can i have a room for five nights	correct	correct
4671	Frag: Suite	4671.wav	can i have a suite	correct	correct
4672	Sag: Ich möchte mit Kreditkarte bezahlen	4672.wav	can i pay with credit card	incorrect	correct
4673	Frag: Gibt es einen Coiffeur?	4673.wav	is there a hairdresser	correct	correct
4674	Frag: Wo ist der Coiffeur?	4674.wav	where is the hairdresser	correct	correct
4675	Frag: Wo ist der Coiffeur?	4675.wav	where is the hairdresser	correct	correct
4676	Frag: Wo ist der Coiffeur?	4676.wav	can you give me the direction to the hairdresser	incorrect	correct
4677	Frag: Zimmer für 1 Woche	4677.wav	can i have a room for one night	incorrect	incorrect
4678	Frag: Doppelzimmer	4678.wav	can i have a double roo double room	correct	correct
4679	Frag: Doppelzimmer	4679.wav	can i have a double room	correct	correct
4680	Frag: Doppelzimmer	4680.wav	can i have a double room	correct	correct
4681	Sag: Ich möchte mit Mastercard bezahlen	4681.wav	can i pay with mastercard	correct	correct
4682	Frag: Gibt es einen Lift?	4682.wav	is there a lift	correct	correct
4683	Frag: Gibt es einen Lift?	4683.wav	is there a ascenseur	incorrect	incorrect
4684	Frag: Gibt es einen Lift?	4684.wav	is there a lift	correct	correct
4685	Frag: ein Ticket nach London	4685.wav	can i have a ticket to london	correct	correct
4686	Sag: Ich möchte um 22 Uhr morgen abreisen	4686.wav	i like to leave tomorrow at ten o'clock pm	correct	correct
4687	Sag: Ich heisse John	4687.wav	my name is john	correct	correct
4688	Sag: Ich bin aus Italien	4688.wav	i am from italy	correct	correct
4689	Frag: 4 Tickets nach London	4689.wav	can i have four tickets to london	correct	correct
4690	Sag: Ich möchte am Mittwochabend abreisen	4690.wav	i like to leave at wednesday night	incorrect	correct
4691	Sag: Ich möchte am Mittwochabend abreisen	4691.wav	i like to leave at wednesday evening	incorrect	correct
4692	Sag: Ich möchte am Mittwochabend abreisen	4692.wav	i like to leave at wednesday night	incorrect	correct
4693	Sag: Ich heisse Janet	4693.wav	my name is janet	correct	correct
4694	Sag: Ich bin aus Italien	4694.wav	i'm from italy	correct	correct
4695	Sag: Ich bin aus Italien	4695.wav	i'm from italy	correct	correct
4696	Frag: 3 Tickets nach London	4696.wav	can i have three tickets to london	correct	correct
4697	Sag: Ich möchte am Sonntag abreisen	4697.wav	i like to leave at sunday	incorrect	correct
4698	Sag: Ich heisse Paolo	4698.wav	my name is paolo	correct	correct
4699	Sag: Ich bin aus der Schweiz	4699.wav	i am from swiss	incorrect	correct
4700	Sag: Ich heisse Sarah	4700.wav	my name is sarah	correct	correct
4701	Sag: Ich bin aus Portugal	4701.wav	i am from portugal	correct	correct